{"cameraMode":{"drawMode":1,"name":"Wireframe","section":"Shading Mode"},"sceneLighting":false,"audioPlay":false,"sceneViewState":{"m_AlwaysRefresh":true,"showFog":true,"showSkybox":false,"showFlares":true,"showImageEffects":true,"showParticleSystems":true,"showVisualEffectGraphs":true,"m_FxEnabled":true},"in2DMode":false,"pivot":{"x":10.658712387084961,"y":-4.660088539123535,"z":-11.322754859924317},"rotation":{"x":-0.038608528673648837,"y":-0.9598615169525147,"z":0.22418543696403504,"w":-0.16419106721878053},"size":10.154446601867676,"orthographic":false}